Length,Width,Height,Weight,Volume,Density,Hardness,Type_A,Type_B,Type_C,Process_1,Process_2,Process_3,Defect
184,79,13,9,0.188968,47.62711146860844,94,0,0,0,1,1,1,0
169,80,12,7,0.16224,43.14595660749507,58,0,0,0,0,0,1,0
145,92,11,9,0.14674,61.332969878697014,70,0,0,0,0,1,1,0
150,73,12,8,0.1314,60.88280060882801,72,0,0,0,1,1,1,0
187,53,16,8,0.158576,50.44899606497831,62,1,0,0,1,1,0,0
142,94,12,9,0.160176,56.188192987713514,68,1,0,0,1,1,1,0
195,80,10,7,0.156,44.87179487179487,61,0,0,0,1,1,1,0
125,82,16,9,0.164,54.8780487804878,59,1,0,0,1,0,0,0
194,85,14,4,0.23086,17.326518236160442,96,0,1,0,1,0,0,1
104,89,14,3,0.129584,23.15100629707371,93,0,0,1,0,0,1,0
141,76,15,3,0.16074,18.66368047779022,53,0,0,0,0,0,0,0
197,68,10,6,0.13396,44.789489399820845,69,0,0,0,1,1,1,0
139,82,17,5,0.193766,25.804320675453898,85,0,0,0,1,0,0,0
101,51,19,1,0.097869,10.217740040257896,82,0,1,0,1,1,1,0
103,94,18,2,0.174276,11.47604948472538,58,1,0,0,0,0,0,0
197,90,17,8,0.30141,26.541919644338275,88,0,0,0,1,1,1,0
176,93,11,6,0.180048,33.324446814182885,86,0,0,0,0,0,0,0
114,67,13,4,0.099294,40.2844079199146,72,0,0,1,0,1,1,0
163,50,15,6,0.12225,49.079754601226995,92,0,0,0,0,0,0,0
125,69,17,8,0.146625,54.56095481670929,81,0,0,0,0,0,1,0
179,60,15,2,0.1611,12.414649286157667,81,0,1,0,0,0,0,0
133,83,14,1,0.154546,6.470565398004478,79,0,1,0,0,1,0,0
155,84,10,9,0.1302,69.12442396313364,66,0,0,0,1,1,0,0
181,71,15,8,0.192765,41.50130988509325,71,0,0,1,0,1,1,0
173,60,17,1,0.17646,5.66700668706789,75,0,1,1,0,1,1,1
107,63,12,5,0.080892,61.81080947436087,67,1,1,0,1,0,1,0
123,65,10,9,0.07995,112.57035647279551,70,0,1,0,0,0,0,0
145,76,12,5,0.13224,37.81004234724743,66,1,0,0,0,0,0,0
101,52,10,7,0.05252,133.28255902513328,90,1,0,0,0,1,1,0
142,53,14,6,0.105364,56.945446262480544,92,0,0,0,1,1,0,0
102,83,11,9,0.093126,96.64325752206688,78,0,0,0,0,0,0,0
110,94,15,6,0.1551,38.684719535783366,65,0,0,0,1,1,1,0
119,68,11,2,0.089012,22.46888060036849,86,1,0,0,0,0,1,0
195,78,12,6,0.18252,32.873109796186725,85,0,1,0,0,1,0,0
147,70,16,7,0.16464,42.517006802721085,50,0,0,0,0,1,0,0
105,70,16,6,0.1176,51.02040816326531,96,1,0,0,1,1,1,0
141,70,18,9,0.17766,50.65856129685917,88,0,1,0,0,1,0,0
183,75,18,4,0.24705,16.191054442420562,72,1,0,0,0,1,1,0
177,89,16,5,0.252048,19.83749127150384,93,0,0,0,1,0,1,0
185,54,17,9,0.16983,52.99417064122946,94,0,0,0,1,1,1,0
140,82,14,6,0.16072,37.33200597312096,79,0,0,0,0,1,1,0
110,77,14,7,0.11858,59.031877213695395,97,0,0,0,1,0,1,0
129,96,10,9,0.12384,72.67441860465117,80,0,1,0,0,0,1,0
114,60,13,4,0.08892,44.9842555105713,82,0,1,0,1,0,0,0
114,81,12,7,0.110808,63.172334127499816,90,0,0,0,0,1,0,0
152,87,15,6,0.19836,30.24803387779794,59,1,0,0,0,0,1,0
129,53,15,7,0.102555,68.25605772512311,91,1,0,0,0,1,0,0
182,92,19,9,0.318136,28.289788015188474,91,0,1,0,1,1,0,0
103,69,15,8,0.106605,75.04338445663899,61,0,0,1,0,0,1,1
119,82,19,5,0.185402,26.968425367579638,75,1,0,0,0,0,1,0
199,58,18,4,0.207756,19.25335489709082,67,0,0,0,0,1,1,0
146,85,17,5,0.21097,23.70005214011471,58,0,0,0,1,0,0,0
180,67,11,9,0.13266,67.84260515603799,84,0,1,0,1,0,1,0
108,52,15,8,0.08424,94.9667616334283,60,1,0,0,0,0,0,0
104,65,12,7,0.08112,86.29191321499015,52,0,0,0,0,1,1,0
101,60,12,6,0.07272,82.5082508250825,94,0,0,0,0,1,0,0
166,86,13,3,0.185588,16.164838243851975,50,0,0,1,0,1,1,0
109,99,11,9,0.118701,75.82075972401243,59,0,0,0,0,1,1,0
128,88,13,7,0.146432,47.80375874125874,59,0,0,0,1,1,0,0
144,89,10,7,0.12816,54.61922596754058,68,0,0,1,0,0,1,0
148,99,16,1,0.234432,4.265629265629266,58,0,0,0,1,0,0,0
148,77,14,1,0.159544,6.267863410720554,77,0,0,0,0,0,1,0
152,55,16,8,0.13376,59.80861244019139,87,1,0,0,0,1,0,0
189,75,17,3,0.240975,12.449424214130097,84,1,0,0,0,0,0,0
103,51,19,9,0.099807,90.17403588926628,72,0,0,0,1,0,1,0
103,54,10,4,0.05562,71.9165767709457,61,0,0,0,0,1,1,0
169,82,10,2,0.13858,14.43209698369173,66,0,0,0,1,0,1,0
139,97,19,3,0.256177,11.710653181198937,77,1,0,0,0,0,1,0
123,65,17,6,0.135915,44.14523783246882,91,1,0,0,0,0,1,0
100,70,15,9,0.105,85.71428571428572,77,1,0,0,1,1,0,0
104,61,14,2,0.088816,22.51846514141596,61,0,0,0,1,0,1,0
161,83,11,4,0.146993,27.212180171844917,76,1,1,0,0,1,0,0
183,70,17,3,0.21777,13.776002204160353,62,0,1,0,1,0,1,0
173,61,10,1,0.10553,9.47597839476926,72,0,1,0,0,0,1,0
133,67,11,5,0.098021,51.009477560930826,57,1,0,1,1,0,0,0
133,76,10,8,0.10108,79.14523149980214,59,1,0,0,1,1,0,0
173,68,16,5,0.188224,26.564093845630737,60,0,0,0,0,1,1,0
110,59,19,2,0.12331,16.21928472954343,78,1,0,0,1,0,0,0
122,98,18,1,0.215208,4.646667410133452,75,1,0,0,0,1,1,0
198,81,13,7,0.208494,33.57410764818172,66,0,0,0,0,0,1,0
143,66,14,9,0.132132,68.11370447734085,62,0,1,0,1,1,1,0
103,64,10,2,0.06592,30.339805825242717,81,1,0,0,1,1,0,0
125,84,12,4,0.126,31.746031746031747,95,0,0,0,1,1,0,0
132,73,19,5,0.183084,27.30986869415132,51,0,0,0,1,0,1,0
128,65,13,2,0.10816,18.49112426035503,68,0,1,0,0,0,1,1
142,75,18,4,0.1917,20.865936358894103,98,0,0,0,0,1,1,0
182,87,17,6,0.269178,22.290083142010122,94,0,0,0,1,0,1,0
144,65,17,9,0.15912,56.56108597285068,93,0,0,0,1,0,1,0
108,85,19,6,0.17442,34.39972480220158,90,0,0,0,0,0,0,0
174,65,16,3,0.18096,16.578249336870027,67,0,0,0,0,1,1,0
169,75,13,8,0.164775,48.55105446821423,90,1,0,0,1,0,1,0
126,51,12,2,0.077112,25.93630044610437,82,0,1,0,0,1,1,0
168,52,11,3,0.096096,31.218781218781217,60,0,0,0,0,0,1,0
129,61,19,2,0.149511,13.37694216479055,88,0,1,0,1,1,0,0
126,88,10,2,0.11088,18.037518037518037,75,1,0,0,0,1,0,0
147,75,14,6,0.15435,38.87269193391643,59,1,0,0,0,1,1,0
142,84,13,4,0.155064,25.795800443687767,83,1,0,0,0,1,1,0
175,86,14,1,0.2107,4.746084480303749,50,0,0,1,1,0,1,0
165,92,14,2,0.21252,9.410878976096368,85,1,0,0,0,0,1,0
170,72,16,9,0.19584,45.95588235294118,88,0,0,1,1,1,0,0
187,59,19,3,0.209627,14.311133584891259,84,0,0,0,1,1,0,0
118,60,17,8,0.12036,66.46726487205052,93,0,1,0,0,1,1,0
177,76,11,6,0.147972,40.54821182385857,79,1,0,0,1,1,0,0
113,81,14,2,0.128142,15.607685224204397,79,1,0,1,0,0,0,0
121,52,14,4,0.088088,45.409136318227226,77,1,0,0,0,0,1,0
131,69,19,1,0.171741,5.822721423538933,93,1,1,0,1,0,0,0
123,79,13,9,0.126321,71.24706105873133,57,0,0,0,1,1,1,0
173,67,19,1,0.220229,4.5407280603371944,54,0,0,0,0,0,1,0
104,66,10,7,0.06864,101.98135198135198,65,1,1,0,1,0,1,0
199,87,17,5,0.294321,16.988254320962486,82,1,1,0,0,0,1,1
119,93,12,2,0.132804,15.059787355802536,97,0,0,0,0,1,1,0
180,69,15,2,0.1863,10.735373054213634,81,0,0,0,0,1,0,0
103,88,19,7,0.172216,40.6466298137223,88,0,0,0,1,1,1,0
177,64,14,2,0.158592,12.610976594027441,86,0,0,0,0,0,1,0
158,77,11,7,0.133826,52.30672664504655,88,1,0,0,0,0,1,0
149,59,10,3,0.08791,34.12581048799909,92,0,0,0,0,1,0,0
109,68,15,2,0.11118,17.988846914912752,79,0,1,0,0,0,1,0
147,58,15,3,0.12789,23.45765892563922,78,0,0,0,0,1,1,0
197,67,17,3,0.224383,13.369996835767415,79,1,1,0,1,1,1,0
173,79,14,5,0.191338,26.131766821018303,68,1,1,0,0,1,1,0
154,60,19,6,0.17556,34.176349965823654,82,0,0,0,0,1,0,0
188,88,12,5,0.198528,25.18536428110896,86,1,0,0,0,0,0,0
187,94,17,3,0.298826,10.03928707676039,85,0,0,0,0,0,1,0
145,50,15,3,0.10875,27.586206896551726,60,0,0,0,1,0,0,0
113,69,10,5,0.07797,64.12722842118764,65,0,0,0,0,0,1,0
122,88,19,2,0.203984,9.804690563965801,79,0,0,0,0,1,1,0
161,85,10,4,0.13685,29.229082937522836,71,0,0,0,0,1,0,0
111,67,19,9,0.141303,63.69291522472983,51,0,0,0,1,0,1,0
148,79,15,2,0.17538,11.403808872163301,88,1,0,0,0,1,1,0
162,60,10,2,0.0972,20.5761316872428,82,0,0,1,0,1,1,0
188,55,15,4,0.1551,25.78981302385558,67,0,0,0,1,0,0,0
194,86,10,2,0.16684,11.987532965715657,79,0,0,0,0,0,1,0
116,56,12,3,0.077952,38.48522167487685,62,1,0,0,0,0,1,0
154,81,18,7,0.224532,31.175957101883025,86,0,1,0,1,0,1,0
121,87,14,6,0.147378,40.71163945772096,75,1,0,0,1,0,0,0
101,72,11,2,0.079992,25.002500250025005,54,1,1,0,1,0,0,0
118,98,11,9,0.127204,70.7524920599981,96,0,0,1,0,0,1,0
107,61,17,5,0.110959,45.06168945286097,95,0,1,0,1,1,1,0
174,94,17,4,0.278052,14.385798339878871,54,1,1,1,0,1,1,0
117,86,17,7,0.171054,40.92274954108059,51,0,1,0,1,0,1,0
125,56,18,9,0.126,71.42857142857143,81,0,0,0,0,1,0,0
110,57,14,5,0.08778,56.96058327637275,66,0,0,0,0,1,1,0
151,90,18,1,0.24462,4.0879731828959205,78,0,0,0,0,1,1,0
171,66,18,3,0.203148,14.76755862720775,57,0,0,0,0,1,1,0
153,62,15,5,0.14229,35.13950383020592,67,0,0,0,0,0,1,0
105,62,19,4,0.12369,32.33891179561808,66,0,1,0,0,1,1,0
110,62,11,9,0.07502,119.96800853105837,96,0,1,0,1,1,1,0
175,50,14,4,0.1225,32.6530612244898,96,0,0,1,1,1,1,0
147,80,10,1,0.1176,8.503401360544219,50,1,0,0,0,0,0,1
197,84,11,8,0.182028,43.94928252796273,82,0,0,0,0,1,1,0
100,64,19,2,0.1216,16.44736842105263,66,0,1,0,1,0,1,0
192,64,10,1,0.12288,8.138020833333334,52,0,0,0,0,0,1,0
126,71,14,6,0.125244,47.906486538277285,70,0,0,0,1,1,0,0
139,60,19,6,0.15846,37.86444528587656,74,0,1,0,0,0,0,0
144,59,11,1,0.093456,10.700222564629344,63,0,0,0,0,1,1,0
107,55,10,9,0.05885,152.93118096856415,88,0,0,0,1,0,1,0
138,64,19,4,0.167808,23.836765827612506,89,0,0,0,0,1,1,0
161,63,16,5,0.162288,30.80942521936311,79,0,0,1,0,0,1,0
112,66,10,4,0.07392,54.112554112554115,57,1,0,1,0,0,1,0
181,86,17,5,0.264622,18.894876465297667,52,0,0,0,0,1,1,0
105,61,12,3,0.07686,39.032006245121,56,1,0,0,0,0,0,0
138,81,10,4,0.11178,35.78457684737878,80,0,1,0,0,0,1,0
115,80,14,7,0.1288,54.34782608695652,68,0,0,0,0,1,0,0
112,67,17,9,0.127568,70.55060830302271,79,1,1,0,0,1,0,0
179,88,17,4,0.267784,14.937412242703074,82,1,0,0,0,0,0,0
102,91,19,2,0.176358,11.340568616110412,88,0,0,0,0,0,1,0
130,55,15,2,0.10725,18.64801864801865,60,0,0,0,0,1,0,0
163,81,15,7,0.198045,35.345502284834254,54,1,1,0,1,1,0,0
119,75,18,7,0.16065,43.572984749455344,89,1,0,0,1,1,0,0
164,69,14,8,0.158424,50.49739938393172,98,0,0,0,1,1,1,0
104,60,19,6,0.11856,50.607287449392715,56,0,0,0,0,1,0,0
118,97,13,8,0.148798,53.76416349682119,66,0,0,0,0,1,1,0
192,95,14,8,0.25536,31.328320802005017,75,0,0,0,0,0,1,0
174,80,12,9,0.16704,53.87931034482759,90,1,0,0,1,1,1,0
133,74,12,6,0.118104,50.80268238162975,97,1,1,0,0,1,0,0
194,96,14,2,0.260736,7.670594010800196,95,0,0,0,0,0,0,0
149,50,12,2,0.0894,22.371364653243848,69,0,0,0,0,1,1,0
175,79,13,5,0.179725,27.820280984837947,90,0,0,0,0,1,0,0
107,84,14,9,0.125832,71.52393667747472,68,1,0,0,0,1,0,0
183,88,12,7,0.193248,36.22288458354032,66,0,0,0,1,0,1,0
134,71,15,6,0.14271,42.04330460374185,68,1,0,0,1,1,1,0
125,59,14,9,0.10325,87.16707021791768,77,0,0,0,0,0,0,0
107,90,17,6,0.16371,36.65017408832692,79,0,0,0,1,0,0,0
181,51,18,9,0.166158,54.16531253385332,56,0,0,0,1,0,1,1
112,59,16,8,0.105728,75.66585956416465,89,0,0,0,0,0,1,1
189,73,12,2,0.165564,12.079920755719844,75,0,0,0,1,0,1,0
199,86,12,8,0.205368,38.95446223364887,81,0,0,0,1,0,0,0
168,50,16,6,0.1344,44.642857142857146,74,1,0,0,0,1,1,0
153,71,15,3,0.162945,18.41112031667127,59,0,0,0,1,0,0,0
152,62,18,3,0.169632,17.685342388228637,83,1,0,0,1,0,1,0
131,54,14,1,0.099036,10.09733834161315,76,0,1,0,1,1,0,0
142,61,15,8,0.12993,61.5716154852613,67,0,0,0,0,1,1,0
105,97,19,6,0.193515,31.0053484226029,74,0,0,0,0,1,1,0
101,93,12,7,0.112716,62.10298449199759,64,0,0,0,0,0,1,0
173,51,11,1,0.097053,10.30364852194162,85,0,1,0,1,0,1,0
137,97,15,8,0.199335,40.13344370030351,55,0,0,0,0,0,1,0
151,58,17,4,0.148886,26.866192926131404,59,0,0,0,0,1,1,0
187,93,15,3,0.260865,11.500201253521936,66,0,0,0,0,0,1,0
162,84,14,8,0.190512,41.99210548416898,76,1,0,0,1,0,1,0
158,88,14,7,0.194656,35.96087456846951,95,0,0,1,1,0,1,0
142,94,18,7,0.240264,29.134618586221823,71,1,0,0,0,0,1,0
165,90,13,2,0.19305,10.36001036001036,97,0,0,0,0,1,0,0
117,76,14,6,0.124488,48.19741661846925,55,1,0,0,1,1,0,0
136,78,18,5,0.190944,26.18568795039383,90,1,0,0,1,0,0,0
169,95,19,7,0.305045,22.947433985149733,67,0,0,0,1,0,1,0
137,69,16,8,0.151248,52.893261398497835,88,0,0,0,0,0,1,0
135,50,17,6,0.11475,52.287581699346404,83,0,0,0,0,1,0,0
147,78,13,4,0.149058,26.835191670356505,74,0,0,0,0,1,1,0
112,88,14,8,0.137984,57.97773654916512,64,0,0,0,0,0,1,0
115,50,13,3,0.07475,40.13377926421405,72,1,0,0,0,1,0,0
186,67,19,9,0.236778,38.01028811798393,87,0,0,0,0,0,0,1
166,68,16,2,0.180608,11.073706591070163,62,0,0,0,0,0,0,0
193,79,14,1,0.213458,4.6847623420063895,69,1,0,0,1,1,1,0
137,81,12,4,0.133164,30.038148448529633,88,0,0,0,0,0,0,0
146,70,16,1,0.16352,6.1154598825831705,71,1,1,0,1,1,1,0
136,58,15,6,0.11832,50.709939148073026,98,0,0,0,0,0,1,0
194,73,17,4,0.240754,16.614469541523714,99,0,0,0,0,1,0,0
118,73,18,7,0.155052,45.14614451925806,93,1,0,0,1,0,1,0
102,94,13,9,0.124644,72.20564166746895,60,0,0,0,0,1,1,0
183,62,13,9,0.147498,61.0177765122239,78,0,0,0,0,1,0,0
195,59,14,8,0.16107,49.66784627801577,68,0,0,0,0,0,1,0
185,73,12,5,0.16206,30.852770578797973,64,1,0,0,1,0,1,0
161,84,17,5,0.229908,21.74782956660925,75,0,0,1,1,1,0,0
184,64,11,7,0.129536,54.03903162055335,78,0,1,0,1,1,1,0
115,60,18,1,0.1242,8.051529790660226,81,0,0,0,1,1,1,0
110,75,12,7,0.099,70.7070707070707,89,0,1,0,1,1,0,0
181,57,18,4,0.185706,21.53942252808202,51,0,0,1,1,1,1,0
139,95,13,1,0.171665,5.82529927475024,71,1,0,1,1,1,0,0
104,98,15,9,0.15288,58.86970172684459,50,0,0,0,1,1,1,0
191,69,11,8,0.144969,55.184211797004885,57,1,0,0,0,1,1,0
180,76,10,2,0.1368,14.619883040935672,99,1,0,0,0,1,1,0
165,62,13,4,0.13299,30.07744943228814,65,0,0,0,1,0,0,0
172,67,10,3,0.11524,26.032627559875046,65,1,0,0,0,0,1,0
147,66,17,7,0.164934,42.44121891180715,65,1,0,1,0,1,1,0
174,51,12,6,0.106488,56.34437683119225,86,1,0,1,0,1,0,0
185,74,15,2,0.20535,9.739469198928658,94,1,0,0,0,1,1,0
141,67,13,7,0.122811,56.99815163136852,82,0,0,0,0,0,0,0
184,94,10,7,0.17296,40.47178538390379,80,0,0,0,1,1,1,0
103,91,12,1,0.112476,8.890785589814715,69,0,1,0,0,1,1,0
141,64,13,9,0.117312,76.71849427168576,93,0,0,0,0,1,1,0
108,59,10,1,0.06372,15.693659761456372,62,0,1,0,1,1,1,0
180,97,10,2,0.1746,11.45475372279496,58,0,0,0,1,1,0,0
148,90,12,2,0.15984,12.512512512512512,81,0,1,0,1,0,0,0
144,60,14,4,0.12096,33.06878306878307,52,1,1,0,1,1,0,0
117,81,13,4,0.123201,32.4672689345054,94,1,0,0,0,1,1,0
190,80,16,3,0.2432,12.335526315789474,81,0,1,0,1,0,1,0
145,65,14,8,0.13195,60.62902614626752,51,0,0,0,0,1,1,0
161,87,12,3,0.168084,17.84821874776897,60,1,0,1,1,0,1,0
144,96,11,6,0.152064,39.457070707070706,99,0,0,0,1,1,0,0
196,91,13,8,0.231868,34.50238929045837,73,1,0,0,0,1,1,0
131,64,13,2,0.108992,18.349970640046976,54,0,1,0,1,1,1,0
143,87,17,5,0.211497,23.640997271828915,59,0,1,0,1,0,1,0
173,57,18,3,0.177498,16.901598891255112,82,0,0,0,0,0,0,0
152,55,15,8,0.1254,63.795853269537474,77,1,0,0,1,0,1,0
113,59,11,9,0.073337,122.72113667043921,75,1,0,0,0,0,1,0
193,99,14,7,0.267498,26.16841995080337,91,0,1,0,1,1,1,0
154,64,19,9,0.187264,48.0604921394395,90,1,0,0,1,0,0,0
185,62,12,3,0.13764,21.79598953792502,90,0,0,0,1,0,1,0
163,71,15,3,0.173595,17.281603732826408,71,0,0,0,0,0,1,0
143,91,15,8,0.195195,40.984656369271754,50,0,0,0,0,1,1,0
180,86,18,4,0.27864,14.355440712029859,89,1,0,0,0,0,1,0
129,81,18,4,0.188082,21.26731957337757,52,0,0,0,1,0,1,0
184,69,19,1,0.241224,4.145524491758698,75,0,1,0,1,0,0,0
178,73,11,1,0.142934,6.99623602501854,59,1,1,0,0,1,1,0
142,77,15,4,0.16401,24.388756783122982,51,0,1,0,1,0,0,0
126,63,10,8,0.07938,100.78105316200553,93,1,0,0,1,1,1,0
149,74,12,8,0.132312,60.46314771146985,71,0,0,0,1,1,1,0
189,77,19,5,0.276507,18.082724849642144,89,0,0,0,0,1,0,0
186,75,12,6,0.1674,35.842293906810035,90,1,1,1,0,1,0,0
129,65,14,3,0.11739,25.555839509327882,51,1,1,0,0,1,1,0
140,71,11,5,0.10934,45.728918968355586,85,1,1,0,0,0,1,0
129,95,15,8,0.183825,43.51965184278526,87,0,0,0,0,0,0,0
191,87,14,3,0.232638,12.895571660691719,53,0,1,0,0,1,1,0
158,93,10,5,0.14694,34.02749421532599,59,1,1,0,1,1,0,0
187,97,16,2,0.290224,6.89122884392745,56,0,1,0,0,1,1,0
100,85,19,4,0.1615,24.767801857585138,74,0,0,0,0,1,0,0
154,76,19,3,0.222376,13.490664460193546,81,0,0,0,1,0,1,0
125,85,19,6,0.201875,29.721362229102166,68,0,0,0,1,0,1,0
122,99,17,3,0.205326,14.61091142865492,84,1,0,0,1,1,1,0
137,62,11,2,0.093434,21.405484085022582,81,0,0,0,0,1,1,0
183,52,13,9,0.123708,72.75196430303619,97,1,0,0,1,1,0,0
153,68,18,5,0.187272,26.699132812166262,51,0,1,0,0,0,1,0
124,76,15,9,0.14136,63.667232597623084,50,0,0,0,1,0,1,0
120,63,13,3,0.09828,30.525030525030523,57,1,0,0,0,0,1,0
106,70,15,2,0.1113,17.969451931716083,64,1,0,0,0,0,0,0
182,85,15,8,0.23205,34.47532859297565,99,0,0,0,0,1,1,0
182,57,15,3,0.15561,19.2789666473877,51,1,0,0,0,1,0,0
137,70,16,8,0.15344,52.13764337851929,87,0,0,0,1,0,1,0
117,67,16,1,0.125424,7.972955734149764,55,0,0,0,0,0,1,0
102,81,15,1,0.12393,8.069071249899137,84,0,0,0,1,0,1,0
170,81,18,6,0.24786,24.20721374969741,97,1,0,1,0,1,0,0
130,84,11,1,0.12012,8.325008325008325,56,0,0,0,1,1,1,0
133,89,19,7,0.224903,31.124529241495225,75,0,0,1,1,0,0,0
120,89,19,9,0.20292,44.352454169130695,74,0,0,0,1,0,1,0
124,97,13,9,0.156364,57.558005679056556,87,0,0,0,0,0,1,0
149,93,13,3,0.180141,16.6536213299582,88,0,1,1,0,0,1,0
126,70,17,4,0.14994,26.67733760170735,58,0,0,0,0,0,1,0
161,99,15,8,0.239085,33.46090302612042,83,0,0,0,0,0,1,1
152,58,15,1,0.13224,7.562008469449486,81,1,0,0,1,1,0,0
150,73,16,1,0.1752,5.707762557077626,70,1,0,0,1,0,1,0
195,84,18,9,0.29484,30.525030525030527,56,0,0,0,1,0,0,0
128,51,11,6,0.071808,83.55614973262033,80,0,1,0,0,0,1,1
131,67,13,7,0.114101,61.34915557269437,95,1,1,1,0,1,1,0
196,52,19,5,0.193648,25.8200446170371,55,0,0,0,1,0,0,0
116,75,10,9,0.087,103.44827586206897,53,0,0,0,0,1,1,0
118,84,16,3,0.158592,18.916464891041162,71,1,0,0,1,1,0,0
107,91,14,6,0.136318,44.014730263061374,70,1,0,0,0,0,1,0
155,57,16,3,0.14136,21.222410865874362,70,1,0,0,0,0,0,0
113,53,19,9,0.113791,79.0923711014052,66,0,0,0,1,1,1,0
163,62,16,1,0.161696,6.184444884227192,91,0,1,0,0,0,1,0
134,76,15,5,0.15276,32.73108143493061,97,0,1,0,0,0,0,0
157,56,17,6,0.149464,40.1434459133972,74,1,0,0,0,0,0,0
197,85,10,3,0.16745,17.915795759928336,60,1,0,0,0,0,1,0
146,76,18,3,0.199728,15.020427781783226,69,0,0,0,1,0,0,0
155,81,19,3,0.238545,12.576243476073696,92,1,0,0,1,0,1,0
109,60,18,2,0.11772,16.989466530750935,51,1,0,0,1,1,1,0
188,58,15,6,0.16356,36.68378576669112,68,0,0,0,1,0,1,0
124,68,19,5,0.160208,31.20942774393289,78,0,0,1,0,0,0,0
131,81,19,2,0.201609,9.920192054918182,60,1,0,0,0,1,0,0
166,57,15,2,0.14193,14.091453533431974,73,1,0,0,1,1,0,0
177,90,14,4,0.22302,17.935611155950138,66,0,0,0,1,0,0,0
101,87,15,2,0.131805,15.17393118622207,92,0,0,0,1,1,0,0
184,84,12,1,0.185472,5.391649413388544,90,0,0,0,0,1,0,0
197,55,17,3,0.184195,16.287087054480306,71,0,0,0,1,1,1,0
140,69,17,8,0.16422,48.715138229204726,51,0,0,0,1,1,0,0
173,86,16,9,0.238048,37.80750100820003,95,0,0,0,1,0,0,0
127,56,10,6,0.07112,84.3644544431946,82,0,0,0,0,0,1,0
130,74,12,3,0.11544,25.987525987525988,91,1,0,0,0,0,0,0
144,55,12,2,0.09504,21.043771043771045,82,0,0,0,1,0,0,0
113,91,16,2,0.164528,12.15598560731304,70,0,1,0,0,1,1,0
116,54,18,9,0.112752,79.82120051085568,57,1,0,0,1,1,0,0
142,97,13,7,0.179062,39.09260479610414,85,0,1,0,1,0,0,0
165,70,15,7,0.17325,40.40404040404041,99,0,0,0,0,0,0,0
172,86,14,8,0.207088,38.63092018851889,51,0,0,0,0,1,1,0
172,69,14,4,0.166152,24.07434156675815,85,1,0,0,0,0,1,0
151,84,14,6,0.177576,33.78834977699689,55,1,0,0,1,1,1,0
165,82,10,7,0.1353,51.736881005173686,61,0,0,0,0,0,1,0
142,66,12,9,0.112464,80.02560819462228,65,1,0,0,1,1,1,0
148,94,19,2,0.264328,7.566356950455495,59,0,0,0,1,1,1,0
135,82,17,8,0.18819,42.51022902385887,92,1,0,0,0,1,1,0
161,84,18,2,0.243432,8.215846725163495,66,1,0,0,0,0,1,0
150,50,18,5,0.135,37.03703703703704,80,0,0,0,0,0,1,0
102,83,10,2,0.08466,23.623907394283016,69,0,1,0,1,1,1,1
114,72,16,9,0.131328,68.53070175438596,80,0,1,0,0,1,1,0
135,98,11,6,0.14553,41.22861265718409,73,1,1,0,1,0,0,0
163,86,11,7,0.154198,45.39617893876704,86,1,0,0,1,1,0,0
139,64,14,9,0.124544,72.26361767728675,90,0,0,0,1,1,0,0
126,92,14,5,0.162288,30.80942521936311,86,0,1,0,0,1,0,0
166,50,18,8,0.1494,53.5475234270415,74,0,1,0,1,1,1,1
110,80,12,5,0.1056,47.34848484848485,93,0,1,0,1,0,0,0
196,89,11,2,0.191884,10.422963874007213,93,0,1,0,0,1,0,0
118,65,16,6,0.12272,48.89178617992177,96,1,1,1,0,0,1,1
150,93,14,6,0.1953,30.721966205837173,97,0,0,0,0,1,1,0
138,59,18,8,0.146556,54.58664264854391,91,0,0,0,0,0,1,1
168,94,17,2,0.268464,7.449788426008702,71,1,0,0,0,1,1,0
179,72,15,8,0.19332,41.382164287192225,90,0,0,0,0,0,1,0
112,76,18,5,0.153216,32.63366750208856,68,0,1,0,1,1,1,0
106,64,18,2,0.122112,16.37840670859539,64,1,0,0,0,1,0,0
187,64,11,1,0.131648,7.596013612056393,67,0,0,0,1,1,1,0
192,69,11,1,0.145728,6.862099253403602,77,0,0,0,0,0,0,0
185,88,16,1,0.26048,3.8390663390663393,68,1,0,0,0,0,1,0
164,74,12,5,0.145632,34.33311360140628,93,1,0,0,0,0,0,0
104,79,11,1,0.090376,11.064884482606002,79,0,0,0,0,1,0,0
176,80,18,3,0.25344,11.837121212121213,95,0,0,0,1,0,0,0
165,79,17,1,0.221595,4.512737200749115,87,0,0,0,0,0,1,0
143,80,17,1,0.19448,5.141916906622789,88,1,0,0,0,1,1,0
165,59,17,4,0.165495,24.169914498927458,50,0,1,0,0,0,1,0
137,61,16,4,0.133712,29.91504128275697,91,0,0,0,0,1,1,0
167,69,16,1,0.184368,5.423934739217217,89,0,1,0,0,0,1,0
144,94,17,6,0.230112,26.074259491030453,99,0,0,0,1,1,1,0
124,63,19,6,0.148428,40.423639744522596,71,0,1,0,1,1,0,0
188,67,14,1,0.176344,5.670734473529011,89,0,1,0,0,0,1,0
132,86,12,5,0.136224,36.704251820530885,58,0,0,0,0,1,1,1
124,75,18,2,0.1674,11.947431302270012,94,0,0,0,0,1,0,1
137,79,11,8,0.119053,67.19696269728608,55,1,0,0,0,0,0,1
112,79,13,6,0.115024,52.16302684657115,66,0,0,0,1,1,0,0
146,93,10,4,0.13578,29.459419649432903,94,0,1,0,1,1,0,0
134,98,10,4,0.13132,30.459945172098692,97,0,0,0,1,0,1,0
174,82,12,2,0.171216,11.681151294271563,71,1,1,0,1,0,1,1
158,78,13,4,0.160212,24.966918832546877,78,0,0,0,0,0,1,0
121,59,10,7,0.07139,98.05294859223982,75,0,1,0,1,1,0,0
143,61,19,1,0.165737,6.033655731671263,58,0,0,0,1,1,1,0
123,67,13,9,0.107133,84.00772871104141,79,0,0,1,0,1,1,0
123,51,13,5,0.081549,61.31283032287337,55,0,1,0,0,0,0,0
176,76,17,7,0.227392,30.7838446383338,67,1,0,0,0,0,1,0
176,86,14,4,0.211904,18.876472364844457,63,0,1,0,0,1,1,0
150,94,13,8,0.1833,43.6442989634479,96,0,0,1,1,1,0,0
173,85,12,2,0.17646,11.33401337413578,60,0,0,0,1,1,0,0
132,56,11,6,0.081312,73.78984651711924,87,0,0,0,1,0,1,0
125,72,15,8,0.135,59.25925925925925,96,0,0,0,0,0,0,0
124,90,13,7,0.14508,48.2492417976289,71,1,0,0,0,0,1,0
119,82,13,2,0.126854,15.766156368738866,68,1,0,1,0,0,0,0
135,82,17,1,0.18819,5.313778627982359,86,0,0,0,0,1,0,0
117,78,13,8,0.118638,67.43202009474199,50,1,0,0,0,1,1,0
181,97,19,9,0.333583,26.979792135690367,71,1,0,0,1,0,0,0
167,50,19,2,0.15865,12.606366214938543,82,0,0,0,0,0,0,0
180,61,10,8,0.1098,72.85974499089254,86,1,0,0,0,0,0,0
124,51,13,3,0.082212,36.49102320829076,58,1,1,0,0,0,1,0
136,91,18,2,0.222768,8.977950154420743,92,0,1,1,0,1,0,0
196,50,16,6,0.1568,38.26530612244898,65,1,0,0,1,1,1,0
191,94,14,7,0.251356,27.848947309791686,53,0,0,0,1,1,1,0
100,91,18,7,0.1638,42.73504273504273,77,1,1,0,1,1,0,0
122,86,14,1,0.146888,6.807908066009477,62,0,1,0,0,1,1,1
103,60,17,3,0.10506,28.555111364934323,92,1,0,0,0,0,1,0
188,95,19,2,0.33934,5.893793835091649,85,0,1,0,0,1,1,0
122,59,15,1,0.10797,9.261831990367694,81,1,1,0,0,0,0,0
173,73,14,6,0.176806,33.935499926473085,58,0,0,0,0,1,0,0
123,61,15,5,0.112545,44.42667377493447,62,0,0,1,1,1,1,0
103,70,12,5,0.08652,57.790106333795656,70,0,0,0,0,1,1,0
153,88,18,8,0.242352,33.00983693140556,54,1,0,0,0,0,0,1
197,62,17,9,0.207638,43.344667161116945,55,0,0,0,0,0,1,0
110,68,16,2,0.11968,16.711229946524064,93,0,0,0,0,0,1,0
141,67,18,9,0.170046,52.92685508627077,66,0,0,0,0,0,1,0
101,90,13,8,0.11817,67.6990776000677,95,0,0,0,1,0,1,0
191,76,14,4,0.203224,19.68271464000315,95,0,0,0,0,0,1,0
179,59,10,5,0.10561,47.34400151500805,88,0,1,0,1,1,1,0
178,99,19,4,0.334818,11.946789001786044,96,0,0,0,1,1,1,0
179,93,19,3,0.316293,9.484876364636587,54,0,0,0,1,0,1,0
116,65,15,4,0.1131,35.36693191865606,65,0,1,0,0,1,1,0
140,95,18,4,0.2394,16.70843776106934,72,1,0,0,0,1,0,0
111,80,16,9,0.14208,63.34459459459459,88,1,0,0,0,1,0,0
198,61,18,3,0.217404,13.79919412706298,62,0,0,0,0,1,0,0
177,66,17,5,0.198594,25.176994269716104,65,1,0,0,1,0,1,0
197,89,19,8,0.333127,24.014865201559765,68,1,0,1,1,0,0,0
130,61,10,5,0.0793,63.051702395964696,81,0,0,1,1,1,0,0
133,58,14,2,0.107996,18.519204414978333,88,1,0,0,0,0,0,0
121,90,10,4,0.1089,36.73094582185492,83,0,0,0,0,0,1,0
117,70,14,8,0.11466,69.77149834292692,54,0,1,0,0,0,1,0
198,74,12,9,0.175824,51.187551187551186,63,0,0,0,0,0,1,0
167,70,12,1,0.14028,7.128599942971201,85,0,0,0,1,0,0,0
196,91,15,9,0.26754,33.63982955819691,82,1,0,1,1,0,1,0
198,72,16,8,0.228096,35.07295173961841,54,0,0,0,0,1,0,0
140,98,14,1,0.19208,5.206164098292378,52,1,0,0,1,0,0,0
174,80,10,1,0.1392,7.183908045977012,88,0,1,0,1,1,0,0
130,51,12,2,0.07956,25.13826043237808,52,0,0,0,0,0,0,0
164,88,10,9,0.14432,62.36141906873614,69,0,0,0,0,0,0,0
177,75,12,4,0.1593,25.109855618330194,60,0,0,0,0,1,0,0
155,77,15,7,0.179025,39.100684261974585,94,0,0,0,0,0,1,0
171,97,18,3,0.298566,10.048029581399089,97,0,0,0,0,0,1,1
118,87,12,4,0.123192,32.4696408857718,60,0,0,1,1,1,1,0
142,68,17,2,0.164152,12.183829621326575,90,1,0,0,1,1,0,0
124,55,19,6,0.12958,46.30344188918043,51,0,1,0,0,0,1,0
181,84,19,6,0.288876,20.770157437793376,83,0,1,0,1,1,1,0
188,69,13,9,0.168636,53.36938731943357,52,0,1,0,0,0,0,0
148,64,17,6,0.161024,37.26152623211447,92,0,0,0,0,0,1,0
166,60,11,4,0.10956,36.50967506389193,68,0,0,0,1,1,1,0
160,59,17,1,0.16048,6.231306081754735,72,0,1,0,0,1,1,0
163,94,14,4,0.214508,18.647323176757975,62,1,0,0,1,0,1,0
114,88,18,9,0.180576,49.84051036682616,55,0,0,0,1,1,0,0
123,57,15,3,0.105165,28.52660105548424,84,0,0,0,0,0,0,0
169,91,15,2,0.230685,8.669831155038256,61,0,1,0,1,0,0,0
103,67,14,7,0.096614,72.45326764237066,84,0,0,0,1,1,1,0
133,85,14,8,0.15827,50.54653440323498,70,1,0,0,1,0,0,0
149,73,14,7,0.152278,45.96855750666544,88,0,1,0,0,1,1,0
133,71,19,9,0.179417,50.16247066888868,71,0,0,0,0,1,0,0
195,69,19,6,0.255645,23.470046353341548,64,1,0,0,1,0,0,0
125,58,13,3,0.09425,31.83023872679045,88,1,0,0,0,0,1,0
125,96,18,9,0.216,41.666666666666664,64,0,0,0,0,0,1,0
148,65,18,2,0.17316,11.550011550011549,82,1,0,0,0,1,1,1
194,50,10,9,0.097,92.78350515463917,59,0,0,0,0,1,1,0
152,90,13,1,0.17784,5.623031938821413,68,0,0,0,1,1,1,0
160,76,18,2,0.21888,9.137426900584796,80,0,0,0,1,0,1,0
115,89,15,5,0.153525,32.56798567008631,81,0,0,0,0,0,1,0
179,89,18,5,0.286758,17.436305177187734,87,0,0,0,0,0,1,0
125,71,16,4,0.142,28.169014084507044,95,0,0,0,1,1,1,0
135,93,17,7,0.213435,32.79687024152552,86,0,0,0,1,1,0,0
199,77,12,8,0.183876,43.5075811960234,75,0,0,0,0,0,1,0
151,71,16,1,0.171536,5.8296800671579145,66,1,1,0,0,0,1,0
105,73,11,5,0.084315,59.301429164442865,65,0,0,0,0,0,1,0
127,84,17,6,0.181356,33.084099781644944,63,0,0,0,1,0,1,0
149,70,18,7,0.18774,37.28560775540642,89,0,0,0,1,0,1,0
119,74,11,5,0.096866,51.61769867652221,78,0,0,1,0,0,1,0
191,63,12,1,0.144396,6.925399595556664,70,0,0,0,0,1,0,0
100,65,11,4,0.0715,55.94405594405595,59,0,0,0,1,0,1,0
178,60,14,9,0.14952,60.19261637239166,59,1,0,0,0,0,0,0
127,96,10,1,0.12192,8.202099737532809,57,0,0,0,1,1,1,0
156,74,17,8,0.196248,40.764746647099585,67,0,0,0,1,1,0,0
157,79,17,1,0.210851,4.742685593143974,66,1,0,0,0,1,1,0
111,54,17,9,0.101898,88.32361773538244,57,0,1,0,1,0,0,1
112,78,13,3,0.113568,26.415891800507186,57,1,0,0,0,1,1,0
112,51,11,1,0.062832,15.91545709192768,74,0,1,0,0,1,0,0
182,68,16,3,0.198016,15.150290885585003,75,0,0,1,0,0,0,0
128,90,16,3,0.18432,16.276041666666664,65,0,1,0,1,0,0,0
185,91,19,1,0.319865,3.1263189157926,67,1,1,0,1,1,1,0
177,79,14,8,0.195762,40.865949469253486,58,1,0,0,0,0,1,0
154,82,17,8,0.214676,37.265460507928225,69,0,1,0,1,0,1,0
142,77,16,1,0.174944,5.716114871044449,52,1,0,0,1,0,1,0
100,90,17,9,0.153,58.82352941176471,50,0,0,0,0,1,1,0
199,80,17,3,0.27064,11.084835944428022,83,0,1,0,0,1,0,0
152,96,19,6,0.277248,21.641274238227147,53,0,0,0,0,0,0,0
105,91,11,6,0.105105,57.085771371485656,59,0,0,0,0,1,1,0
193,67,19,4,0.245689,16.280745169706417,89,0,1,1,1,0,1,0
154,95,14,7,0.20482,34.17634996582365,71,0,0,0,0,1,1,0
191,58,11,7,0.121858,57.443910124899475,77,1,0,1,0,1,1,0
174,75,17,9,0.22185,40.56795131845842,80,1,0,0,0,1,1,0
159,52,13,7,0.107484,65.1259722377284,81,0,0,0,1,1,0,0
100,62,12,9,0.0744,120.96774193548389,96,1,0,1,0,1,0,0
154,72,14,6,0.155232,38.65182436611008,76,0,1,0,0,1,1,0
179,64,14,4,0.160384,24.940143655227455,52,0,1,1,1,0,0,0
117,88,13,5,0.133848,37.35580658657582,60,1,0,0,1,1,1,0
106,83,10,6,0.08798,68.19731757217549,56,0,0,0,1,0,1,0
153,81,17,8,0.210681,37.97209999952535,87,0,0,0,0,0,1,0
180,96,17,4,0.29376,13.616557734204791,79,0,0,0,0,0,0,0
194,54,14,8,0.146664,54.54644629902362,73,0,0,0,1,1,0,0
154,70,12,2,0.12936,15.460729746444033,93,0,1,0,0,1,0,0
153,52,16,5,0.127296,39.27853192559075,54,0,0,0,0,1,1,0
106,57,15,6,0.09063,66.20324395895399,59,1,0,0,1,0,1,0
158,94,16,6,0.237632,25.2491246970105,81,0,1,0,1,1,1,0
178,81,14,9,0.201852,44.58712323880863,90,0,0,0,1,1,1,0
168,80,11,4,0.14784,27.056277056277057,51,1,0,0,0,0,0,0
158,75,12,4,0.1422,28.129395218002813,61,1,0,0,0,1,1,0
164,96,10,7,0.15744,44.46138211382114,54,0,0,0,0,1,1,0
107,96,15,9,0.15408,58.41121495327103,64,0,0,0,0,0,1,0
119,83,14,6,0.138278,43.390850316030026,99,0,1,1,0,1,0,0
195,60,13,2,0.1521,13.149243918474687,82,1,0,0,0,1,0,0
195,65,14,1,0.17745,5.635390250774866,92,0,0,0,1,0,0,0
179,64,15,6,0.17184,34.91620111731844,99,0,0,0,1,0,1,0
131,78,17,2,0.173706,11.51370706826477,91,0,0,0,0,0,0,0
152,58,16,5,0.141056,35.44691470054447,99,0,0,0,0,0,0,0
146,93,16,8,0.217248,36.824274561791135,52,0,0,0,1,0,0,0
136,68,11,5,0.101728,49.15067631330607,74,0,1,0,0,0,1,0
105,89,13,6,0.121485,49.38881343375726,54,0,1,0,1,0,1,0
193,84,14,2,0.226968,8.811814881392971,72,0,1,0,1,1,0,0
121,59,17,2,0.121363,16.479487158359632,99,0,0,0,0,1,1,0
179,63,19,3,0.214263,14.001484157320675,58,0,0,0,0,0,1,0
190,50,16,5,0.152,32.89473684210527,72,0,0,0,0,0,0,0
162,51,13,1,0.107406,9.310466826806696,96,0,0,0,0,1,0,0
171,62,10,3,0.10602,28.296547821165817,91,1,1,1,1,0,0,0
121,71,13,9,0.111683,80.5852278323469,89,0,1,0,1,1,0,0
187,98,10,2,0.18326,10.913456291607552,63,1,0,0,1,0,1,0
182,61,14,8,0.155428,51.47077746609362,80,1,0,0,0,0,1,0
183,58,14,2,0.148596,13.459312498317585,58,1,0,0,0,0,0,0
135,52,16,2,0.11232,17.806267806267805,74,0,1,0,0,0,0,0
116,53,12,2,0.073776,27.10908696595099,97,0,0,0,1,0,0,0
127,76,11,9,0.106172,84.7681121199563,58,0,0,1,0,0,1,0
121,67,16,7,0.129712,53.965708646848405,93,1,0,0,0,0,0,0
175,85,15,9,0.223125,40.33613445378151,94,0,0,0,1,0,0,0
150,74,10,6,0.111,54.054054054054056,77,0,0,0,1,1,0,0
190,99,19,2,0.35739,5.5961274797839895,78,1,0,0,0,1,1,0
173,82,15,5,0.21279,23.497344800037595,97,1,0,0,1,1,0,0
112,55,15,2,0.0924,21.645021645021647,79,0,0,0,0,0,0,0
134,92,13,5,0.160264,31.19852243797734,80,0,1,0,1,0,1,0
169,62,16,9,0.167648,53.683909142966215,75,0,0,0,0,1,1,0
173,50,18,1,0.1557,6.422607578676943,74,1,0,0,1,1,1,0
184,88,15,1,0.24288,4.11725955204216,61,0,0,0,0,1,1,0
133,56,12,7,0.089376,78.32080200501254,62,0,0,0,0,1,1,0
107,55,18,2,0.10593,18.880392712168415,81,1,0,0,0,1,1,0
143,95,15,6,0.203775,29.44423997055576,79,1,0,0,0,1,0,0
171,85,13,5,0.188955,26.46132677092429,64,0,0,0,0,0,0,0
140,85,17,7,0.2023,34.602076124567475,82,0,0,0,1,1,1,0
130,82,11,6,0.11726,51.16834385127068,76,0,0,0,1,1,1,0
170,52,14,9,0.12376,72.72139625080801,54,0,0,0,1,1,0,0
174,94,18,7,0.294408,23.776527811744245,57,0,0,0,0,0,0,0
140,61,18,3,0.15372,19.5160031225605,62,0,0,0,1,0,1,0
128,95,11,9,0.13376,67.28468899521532,96,1,1,0,0,0,1,0
192,55,12,9,0.12672,71.02272727272727,64,0,1,0,0,1,1,1
112,52,15,4,0.08736,45.78754578754579,63,0,0,0,0,1,1,0
147,87,17,1,0.217413,4.599540965811612,90,0,1,0,1,1,1,0
133,89,15,6,0.177555,33.79234603362339,73,0,0,0,1,0,1,0
105,50,11,6,0.05775,103.8961038961039,51,0,1,0,0,0,0,0
196,79,14,6,0.216776,27.67834077573163,68,0,0,0,1,0,0,0
106,60,18,6,0.11448,52.41090146750524,95,0,1,0,1,0,1,0
164,86,12,8,0.169248,47.26791453961051,86,0,0,0,1,1,0,0
151,55,10,1,0.08305,12.040939193257074,93,0,0,0,1,0,1,0
176,98,16,2,0.275968,7.24721706864564,89,0,1,0,0,1,0,0
146,66,16,7,0.154176,45.40265670402656,78,0,0,0,0,0,0,0
164,55,17,5,0.15334,32.6072779444372,58,1,0,0,1,1,0,0
189,79,13,7,0.194103,36.063327202567706,53,0,0,0,1,0,1,0
122,58,16,5,0.113216,44.16336913510458,94,0,0,0,0,1,1,0
165,86,12,2,0.17028,11.745360582569885,92,1,1,0,0,1,1,0
103,56,12,7,0.069216,101.13268608414239,54,0,0,0,0,1,1,0
145,95,13,2,0.179075,11.168504816417702,88,0,0,1,0,0,1,0
185,50,16,6,0.148,40.54054054054054,78,1,1,0,0,0,0,0
196,56,16,9,0.175616,51.248177842565596,87,0,1,0,1,0,1,0
107,62,17,3,0.112778,26.60093280604373,82,1,0,0,1,0,0,1
185,98,12,5,0.21756,22.982165839308696,90,1,0,0,0,0,1,0
143,89,14,2,0.178178,11.22473032585392,64,0,0,0,1,1,1,0
131,82,18,6,0.193356,31.030844659591633,80,0,1,0,1,1,0,0
166,53,10,9,0.08798,102.29597635826323,55,1,0,0,0,0,1,0
188,83,14,4,0.218456,18.31032336031054,75,0,0,0,0,1,1,0
145,84,12,9,0.14616,61.576354679802954,65,0,0,0,0,1,1,0
192,71,10,1,0.13632,7.335680751173709,85,0,0,0,0,1,0,0
130,51,18,1,0.11934,8.379420144126026,52,0,1,0,1,0,1,0
159,64,10,1,0.10176,9.827044025157232,81,1,0,1,0,0,1,0
152,67,18,3,0.183312,16.365540717465304,99,0,0,0,1,0,0,0
129,66,15,7,0.12771,54.81168271865947,69,0,0,1,0,0,0,0
162,89,12,5,0.173016,28.899061358487074,54,0,0,1,0,1,0,0
119,66,18,3,0.141372,21.220609455903574,99,0,0,0,0,1,0,0
121,64,11,8,0.085184,93.91435011269722,75,0,1,0,1,0,0,0
177,77,16,3,0.218064,13.7574290116663,66,0,0,0,1,1,1,0
187,66,18,6,0.222156,27.00804839842273,99,0,0,0,0,0,0,0
165,65,13,7,0.139425,50.206204052357904,56,0,0,0,0,1,0,0
148,96,17,8,0.241536,33.12135665076841,90,0,0,0,1,1,0,0
184,73,11,5,0.147752,33.84048946883968,91,1,1,0,1,1,0,0
166,97,13,2,0.209326,9.554474838290513,65,0,1,0,0,1,1,0
176,82,13,9,0.187616,47.970322360566264,89,0,0,0,1,1,1,0
152,76,12,6,0.138624,43.282548476454295,58,0,0,0,0,1,1,0
134,85,10,5,0.1139,43.89815627743635,93,0,0,0,0,0,1,0
182,79,12,5,0.172536,28.979459359206196,73,0,1,0,0,0,1,0
166,84,14,8,0.195216,40.98024752069502,54,0,1,0,0,0,0,0
143,77,13,6,0.143143,41.91612583220975,96,1,0,0,0,1,0,0
196,58,11,3,0.125048,23.990787537585568,72,0,0,0,1,1,1,0
195,89,13,9,0.225615,39.89096469649624,76,0,0,0,1,0,1,0
149,69,10,4,0.10281,38.90672113607626,87,0,0,0,0,0,0,0
113,80,12,6,0.10848,55.30973451327434,73,1,1,0,1,0,0,0
100,62,16,6,0.0992,60.483870967741936,58,0,0,0,0,1,0,0
170,75,16,4,0.204,19.607843137254903,83,0,0,0,1,1,0,0
164,75,15,3,0.1845,16.260162601626018,62,1,0,0,0,0,0,0
187,97,17,7,0.308363,22.700518544702184,69,0,0,0,1,1,0,0
156,74,19,4,0.219336,18.2368603421235,87,0,0,0,0,0,0,0
152,87,13,9,0.171912,52.35236632695798,93,0,1,0,0,1,0,0
158,94,11,9,0.163372,55.08899933893201,95,1,0,0,0,0,0,0
115,80,17,6,0.1564,38.36317135549872,60,0,0,0,0,0,0,0
171,58,13,3,0.128934,23.26771836753688,73,0,0,0,0,0,1,0
176,91,10,4,0.16016,24.975024975024976,86,1,0,0,1,0,1,0
185,88,12,9,0.19536,46.06879606879607,88,0,0,0,1,1,0,0
178,57,19,7,0.192774,36.31195078174443,68,0,1,0,0,0,0,0
100,77,14,3,0.1078,27.829313543599255,68,0,1,0,0,1,0,0
195,54,13,3,0.13689,21.915406530791145,57,0,1,0,1,1,1,0
100,88,13,3,0.1144,26.223776223776223,98,0,0,0,0,1,1,0
109,67,17,4,0.124151,32.218830295366125,68,0,0,0,0,0,1,0
160,89,14,6,0.19936,30.096308186195824,68,0,0,0,0,1,1,0
118,65,19,4,0.14573,27.448020311535032,65,0,0,0,0,0,0,0
169,75,11,9,0.139425,64.55083378160302,71,0,0,0,0,0,1,0
143,93,14,9,0.186186,48.33875801617737,77,0,0,0,0,0,1,0
129,77,18,3,0.178794,16.779086546528408,52,0,0,0,1,1,1,0
172,79,17,3,0.230996,12.987237874248905,53,0,1,0,0,0,0,0
123,54,13,5,0.086346,57.90656197160262,97,0,0,0,0,0,1,0
131,59,18,4,0.139122,28.75174307442389,53,1,0,0,0,0,0,0
115,90,17,7,0.17595,39.78402955385053,64,1,1,0,0,1,1,0
144,99,16,1,0.228096,4.384118967452301,80,0,1,0,0,1,1,1
158,51,18,8,0.145044,55.15567689804473,93,1,0,0,0,1,1,0
121,81,10,2,0.09801,20.40608101214162,60,0,0,0,0,1,0,0
169,77,19,8,0.247247,32.35630765995138,89,0,0,0,0,0,0,0
159,79,18,5,0.226098,22.11430441666888,67,0,0,0,0,1,0,0
152,66,18,8,0.180576,44.30267588162325,54,0,0,1,0,0,1,0
158,60,15,5,0.1422,35.16174402250352,97,0,0,0,1,1,0,0
194,56,15,2,0.16296,12.272950417280315,63,0,0,0,0,0,0,0
136,83,15,7,0.16932,41.34183793999527,78,1,1,0,0,1,1,0
189,55,15,5,0.155925,32.0666987333654,83,0,0,0,1,1,1,0
180,74,16,2,0.21312,9.384384384384385,80,1,0,0,0,0,1,0
175,75,12,1,0.1575,6.349206349206349,77,0,0,0,0,1,1,0
199,55,17,4,0.186065,21.4978636497998,90,0,0,0,1,0,0,0
177,91,15,3,0.241605,12.416961569503943,58,0,0,0,0,1,0,0
170,98,11,5,0.18326,27.28364072901888,74,0,0,0,1,0,1,0
178,59,12,7,0.126024,55.54497556021075,73,0,0,0,0,0,1,0
128,52,12,3,0.079872,37.56009615384615,61,0,1,0,1,1,0,0
111,84,17,9,0.158508,56.77946854417442,79,1,0,0,0,0,1,0
162,61,19,1,0.187758,5.326004750796238,63,0,0,0,0,1,1,0
157,62,13,4,0.126542,31.610058320557606,69,1,0,0,1,1,1,0
121,57,14,2,0.096558,20.712939373226455,82,0,1,0,1,0,0,0
184,83,18,2,0.274896,7.2754787265002046,69,1,0,1,0,0,1,0
119,71,11,8,0.092939,86.07796511690464,97,0,0,0,0,0,1,0
103,97,16,4,0.159856,25.02252026824142,78,1,0,0,1,1,1,0
136,51,19,2,0.131784,15.176349177441873,85,0,1,0,0,0,1,0
134,62,16,3,0.132928,22.568608570052962,72,0,1,1,1,1,1,0
147,89,10,8,0.13083,61.14805472750898,93,0,1,0,0,1,1,0
139,61,17,4,0.144143,27.750220267373372,61,1,1,0,1,1,1,0
144,62,17,2,0.151776,13.17731393632722,62,0,0,0,0,1,1,1
159,87,15,5,0.207495,24.09696619195643,53,0,0,0,1,1,0,0
166,67,15,6,0.16683,35.96475454055026,60,1,1,0,1,1,1,0
190,58,16,6,0.17632,34.029038112522684,88,1,0,0,1,1,0,0
144,96,19,6,0.262656,22.843567251461987,52,1,0,0,1,0,0,0
184,99,16,1,0.291456,3.431049626701801,96,0,1,1,1,1,1,0
101,97,10,1,0.09797,10.207206287639073,92,1,0,0,1,0,1,0
170,74,16,6,0.20128,29.809220985691574,74,0,0,0,0,1,1,0
185,51,13,8,0.122655,65.22359463535935,75,0,0,0,1,1,1,0
129,67,15,9,0.129645,69.42034015966678,98,0,1,0,0,1,1,0
144,71,18,4,0.184032,21.735350373848025,98,0,0,0,0,1,1,1
156,53,11,2,0.090948,21.990588028323877,71,0,0,0,1,0,1,0
171,65,12,7,0.13338,52.48163142899985,62,0,1,0,1,1,0,1
156,80,13,2,0.16224,12.32741617357002,79,0,0,0,1,0,0,0
102,89,16,1,0.145248,6.884776382463098,50,0,1,1,0,0,1,0
199,69,14,6,0.192234,31.211960423234185,57,0,0,0,0,1,0,0
164,81,14,9,0.185976,48.3933410762679,53,1,0,0,0,1,0,0
153,71,16,8,0.173808,46.027800791678175,64,0,0,0,0,1,0,0
126,74,11,8,0.102564,78.00007800007799,82,1,0,0,0,1,1,1
156,85,13,6,0.17238,34.80682213713888,92,0,1,0,1,1,1,0
145,74,12,3,0.12876,23.29916123019571,97,0,0,0,0,0,0,0
197,53,16,3,0.167056,17.958049995211187,52,0,1,0,1,1,1,0
138,71,19,5,0.186162,26.85832769308452,80,1,0,0,1,1,0,0
109,94,19,7,0.194674,35.95754954436648,86,0,0,0,1,1,1,0
126,56,17,1,0.119952,8.336668000533546,89,1,0,0,0,0,1,0
188,68,15,7,0.19176,36.50396328744264,83,0,0,0,1,0,1,0
131,61,11,4,0.087901,45.50573941138326,64,0,0,0,0,1,0,0
142,86,11,1,0.134332,7.44424262275556,97,0,0,0,0,1,0,0
163,80,12,7,0.15648,44.73415132924335,70,0,0,0,0,1,1,0
153,64,14,9,0.137088,65.65126050420169,83,1,0,0,0,0,0,0
121,93,12,7,0.135036,51.838028377617825,55,1,0,0,0,1,1,0
150,51,10,9,0.0765,117.64705882352942,72,0,0,0,1,1,0,0
125,93,15,1,0.174375,5.734767025089606,70,0,0,1,0,1,0,0
104,95,17,4,0.16796,23.815194093831867,91,0,0,0,1,1,0,0
119,99,17,3,0.200277,14.979253733578993,98,0,0,0,1,0,1,0
189,63,16,4,0.190512,20.99605274208449,68,1,0,0,0,1,1,0
170,71,12,7,0.14484,48.32919083126208,72,0,1,0,0,0,1,0
189,93,17,6,0.298809,20.079716474403384,98,0,1,0,0,0,1,0
140,76,10,2,0.1064,18.79699248120301,59,1,0,0,0,1,1,0
184,66,12,8,0.145728,54.896794027228815,54,0,0,0,0,1,1,0
100,98,14,7,0.1372,51.02040816326531,78,0,0,1,0,0,1,0
109,82,18,4,0.160884,24.862633947440393,77,0,0,0,1,1,1,0
121,81,19,1,0.186219,5.370021318984636,86,0,0,0,0,1,0,0
134,84,18,2,0.202608,9.871278527994946,87,1,0,0,0,0,1,0
169,79,19,4,0.253669,15.768580315292764,53,0,1,0,1,0,1,0
101,65,19,4,0.124735,32.06798412634786,73,1,0,0,1,0,1,0
164,70,10,3,0.1148,26.13240418118467,56,0,1,0,0,1,1,0
143,84,11,3,0.132132,22.704568159113613,93,1,0,1,0,1,1,0
130,97,18,9,0.22698,39.65107057890563,82,1,0,0,0,1,1,0
123,72,19,8,0.168264,47.54433509247373,58,1,1,0,0,1,0,0
141,95,18,3,0.24111,12.442453651860147,93,0,0,0,1,1,0,0
126,61,19,2,0.146034,13.695440787761754,60,0,0,0,0,0,1,0
136,76,12,7,0.124032,56.43704850361197,64,0,0,0,0,0,1,1
112,56,10,1,0.06272,15.943877551020408,68,0,0,1,0,1,1,0
121,70,12,5,0.10164,49.193231011412834,78,1,0,0,0,0,1,0
122,70,18,3,0.15372,19.5160031225605,66,1,0,0,0,0,0,0
149,93,17,2,0.235569,8.49008146233163,68,0,0,0,1,0,1,0
126,59,10,1,0.07434,13.451708366962604,84,0,1,0,0,0,1,0
129,94,17,4,0.206142,19.404100086348247,63,0,0,0,0,1,1,0
192,50,18,4,0.1728,23.148148148148145,81,0,0,0,0,1,0,0
129,59,14,5,0.106554,46.92456407079978,93,0,1,0,0,1,0,0
115,79,16,7,0.14536,48.15630159603743,61,0,1,1,0,1,0,0
184,59,12,6,0.130272,46.05747973470892,59,0,0,0,1,1,1,0
189,92,12,9,0.208656,43.13319530710835,81,0,0,0,0,1,1,0
156,51,10,9,0.07956,113.12217194570135,54,0,0,0,1,1,0,0
198,67,13,3,0.172458,17.395539783599485,85,0,0,0,0,1,0,0
129,88,16,2,0.181632,11.011275546159268,59,0,0,0,0,1,1,0
166,86,16,6,0.228416,26.267862146259457,50,0,0,0,0,1,1,0
144,55,17,2,0.13464,14.8544266191325,64,1,0,0,0,1,0,0
120,79,19,5,0.18012,27.7592715967133,60,0,1,0,0,1,1,0
168,88,10,6,0.14784,40.58441558441559,62,0,0,0,0,1,1,0
182,58,12,4,0.126672,31.577617784514334,93,1,0,0,1,1,1,0
159,61,11,9,0.106689,84.35733768242274,54,1,0,0,0,0,1,0
137,97,15,2,0.199335,10.033360925075877,54,1,0,0,0,1,1,1
170,81,11,2,0.15147,13.203934772562224,76,1,0,0,0,1,0,0
107,78,18,5,0.150228,33.28274356311739,96,0,0,0,1,0,1,0
177,95,16,5,0.26904,18.584597085935176,58,1,0,0,0,0,1,0
167,92,11,3,0.169004,17.751059146529077,80,0,0,0,0,1,0,0
121,60,12,2,0.08712,22.95684113865932,98,1,0,0,0,0,0,0
156,61,14,6,0.133224,45.03693028283192,50,0,0,0,0,1,1,0
103,61,17,2,0.106811,18.724663190120868,99,0,0,0,0,0,1,0
166,79,15,1,0.19671,5.083625641807737,74,1,0,0,0,0,0,0
131,74,17,6,0.164798,36.408208837485894,79,1,0,1,1,0,1,0
119,88,13,2,0.136136,14.691191161779397,67,0,0,0,0,1,0,1
177,93,15,5,0.246915,20.24988356316951,69,0,0,0,0,1,1,0
114,57,18,5,0.116964,42.7481960261277,80,0,0,0,1,1,1,0
119,86,14,2,0.143276,13.959072000893382,85,1,1,0,1,0,0,0
178,79,14,1,0.196868,5.079545685433895,85,0,0,0,0,1,0,0
134,80,18,9,0.19296,46.64179104477612,95,1,0,0,1,1,1,0
173,71,13,6,0.159679,37.5753856173949,66,0,0,0,1,0,1,0
199,70,12,5,0.16716,29.91146207226609,90,1,0,0,0,1,0,0
132,75,12,3,0.1188,25.252525252525253,60,0,0,0,0,1,1,0
196,53,17,8,0.176596,45.30113932365399,80,0,1,0,0,0,0,0
148,51,18,4,0.135864,29.441205911794146,85,0,0,0,1,1,1,0
111,71,15,4,0.118215,33.83665355496341,97,1,0,0,1,0,1,0
154,75,19,2,0.21945,9.11369332421964,78,1,0,0,0,1,1,0
147,99,14,7,0.203742,34.35717721432007,74,0,1,0,1,0,1,0
103,61,19,6,0.119377,50.260938036640226,75,1,0,1,0,1,1,0
194,91,15,2,0.26481,7.552584872172502,81,0,0,0,0,1,1,0
157,80,17,6,0.21352,28.100412139378047,95,0,0,0,1,0,1,0
116,77,11,3,0.098252,30.53372959329072,69,1,0,0,1,1,1,0
152,56,14,5,0.119168,41.95757250268529,62,1,0,0,0,1,1,0
170,52,13,7,0.11492,60.91193873999304,98,0,0,0,0,1,0,0
132,80,14,5,0.14784,33.82034632034632,97,0,1,0,1,0,0,0
182,51,18,5,0.167076,29.926500514735807,70,1,0,0,1,1,1,0
194,95,15,4,0.27645,14.469162597214687,83,0,0,0,1,0,0,0
130,73,15,4,0.14235,28.099754127151385,71,1,0,0,1,0,1,0
159,82,14,6,0.182532,32.870948655578204,75,0,0,0,0,0,1,0
173,73,11,6,0.138919,43.19063627005666,72,1,0,0,0,1,0,0
104,54,13,8,0.073008,109.57703265395573,52,1,1,1,1,1,0,0
198,95,18,5,0.33858,14.76755862720775,95,1,1,0,0,1,1,0
114,59,18,8,0.121068,66.07856741665842,85,0,0,0,1,1,0,0
114,71,12,6,0.097128,61.77415369409439,91,0,0,0,1,0,1,0
156,73,14,4,0.159432,25.089066184956597,75,1,0,0,1,1,1,0
199,93,17,8,0.314619,25.42758066105353,58,0,0,0,0,0,1,0
111,93,16,5,0.165168,30.272207691562528,95,0,0,0,0,1,1,0
195,92,16,2,0.28704,6.967670011148272,90,1,0,0,1,0,1,0
117,94,14,6,0.153972,38.96812407450705,88,0,1,0,0,1,0,0
147,69,10,9,0.10143,88.73114463176574,51,0,0,0,0,1,1,0
140,74,15,3,0.1554,19.305019305019304,79,0,0,0,0,0,1,0
183,63,18,7,0.207522,33.7313634217095,97,0,1,0,0,0,1,0
194,50,16,9,0.1552,57.98969072164948,65,1,0,0,0,1,1,0
140,52,13,8,0.09464,84.53085376162299,88,0,0,0,0,0,1,0
120,63,10,8,0.0756,105.82010582010582,78,0,0,1,0,1,1,0
138,98,18,6,0.243432,24.647540175490484,95,0,0,0,0,0,0,0
175,73,12,5,0.1533,32.615786040443574,70,0,0,0,0,0,1,0
115,96,13,9,0.14352,62.709030100334445,71,1,0,0,0,0,0,0
154,62,13,4,0.124124,32.225838677451584,60,0,0,0,1,1,0,0
194,97,18,2,0.338724,5.904512228244824,96,1,0,0,1,1,1,0
103,98,12,8,0.121128,66.04583581005218,52,1,0,0,0,1,1,0
112,73,13,1,0.106288,9.408399819358724,68,0,0,1,1,1,1,0
183,97,14,2,0.248514,8.047836339200206,57,0,1,1,0,1,1,0
142,55,19,4,0.14839,26.95599433924119,57,0,0,0,1,0,0,0
113,55,12,2,0.07458,26.816840976133015,53,0,0,0,0,1,1,0
165,94,13,7,0.20163,34.71705599365174,82,0,0,0,0,1,1,0
102,76,13,1,0.100776,9.92299753909661,85,0,0,1,1,1,0,0
122,83,10,6,0.10126,59.253407070906576,96,0,0,0,1,1,1,0
141,74,18,2,0.187812,10.648946819159585,57,0,1,1,0,1,1,0
140,59,13,5,0.10738,46.56360588563978,57,1,0,0,0,0,1,0
112,97,10,4,0.10864,36.81885125184094,78,1,0,0,1,1,1,0
175,85,12,4,0.1785,22.408963585434176,71,0,0,0,1,1,0,0
149,71,18,7,0.190422,36.76045835040069,86,0,0,0,0,0,0,0
184,83,10,9,0.15272,58.93137768465165,53,1,0,0,0,0,1,0
110,94,19,2,0.19646,10.180189351521939,69,0,0,0,0,1,1,0
181,70,10,9,0.1267,71.03393843725335,67,1,0,0,0,0,1,0
177,64,15,7,0.16992,41.195856873822976,79,1,0,0,0,0,1,0
179,57,16,4,0.163248,24.50259727531118,79,1,0,0,1,1,0,0
111,83,16,1,0.147408,6.783892326061,69,0,0,0,0,0,0,0
101,63,15,1,0.095445,10.477238200010477,62,0,0,1,1,0,1,0
160,96,14,5,0.21504,23.251488095238095,90,0,1,0,1,1,1,0
189,87,12,1,0.197316,5.06801273084798,72,0,0,0,1,0,1,1
111,53,11,5,0.064713,77.26422820762443,65,1,0,0,0,1,0,0
198,57,16,3,0.180576,16.61350345560872,97,1,0,1,1,0,0,0
168,99,10,3,0.16632,18.037518037518037,85,1,0,0,0,0,1,0
193,73,14,2,0.197246,10.139622603246707,67,0,0,0,1,1,1,0
114,58,10,7,0.06612,105.8681185722928,62,1,0,0,0,1,1,0
127,96,16,9,0.195072,46.13681102362205,88,0,0,0,1,0,0,0
123,74,14,2,0.127428,15.695137646357157,61,0,1,0,1,0,0,0
183,89,14,8,0.228018,35.084949433816625,79,1,1,0,0,1,1,0
124,97,10,4,0.12028,33.25573661456601,57,0,0,1,1,1,1,0
137,63,14,4,0.120834,33.103265637155104,76,1,0,0,0,0,1,0
146,87,13,6,0.165126,36.335888957523345,76,0,0,0,1,1,0,0
134,58,13,8,0.101036,79.17969832534938,67,0,0,0,1,0,0,0
128,65,10,7,0.0832,84.13461538461539,50,0,0,0,1,1,0,0
161,50,16,2,0.1288,15.527950310559007,61,0,0,1,1,0,1,0
143,66,14,3,0.132132,22.704568159113613,65,0,1,0,1,0,0,0
151,57,17,6,0.146319,41.00629446620056,71,0,0,0,0,1,1,0
185,59,17,9,0.185555,48.50313923095578,98,0,0,0,0,1,1,0
105,58,19,8,0.11571,69.13836314925244,57,0,0,0,1,1,0,0
149,87,12,3,0.155556,19.285659183830905,91,1,0,1,0,0,1,0
139,53,14,2,0.103138,19.391494890341097,72,0,0,0,0,0,1,0
162,98,17,3,0.269892,11.115557334044729,84,0,0,0,1,0,1,0
101,63,19,7,0.120897,57.90052689479474,94,0,0,1,0,0,1,0
187,50,17,4,0.15895,25.165146272412706,81,1,0,0,1,1,0,0
155,89,14,2,0.19313,10.355718945787812,94,0,0,0,0,0,1,0
100,72,13,9,0.0936,96.15384615384615,65,0,0,0,0,0,1,0
136,74,14,3,0.140896,21.29230070406541,70,0,1,0,0,1,1,0
106,96,18,2,0.183168,10.918937805730259,77,1,0,0,0,0,1,0
113,99,14,4,0.156618,25.539848548698107,97,0,0,0,1,0,0,0
157,81,12,3,0.152604,19.65872454195172,92,0,0,0,0,0,0,0
136,61,13,4,0.107848,37.08923670350864,93,1,0,0,0,0,1,0
147,82,18,7,0.216972,32.2622273841786,61,0,1,0,0,1,0,0
191,95,11,2,0.199595,10.02029108945615,95,1,0,0,1,1,1,0
140,51,15,6,0.1071,56.022408963585434,76,0,1,0,0,0,0,1
166,96,13,9,0.207168,43.44300278035218,99,1,0,0,1,1,1,0
132,56,10,9,0.07392,121.75324675324676,53,1,1,0,1,1,1,0
178,55,17,7,0.16643,42.05972480922911,87,1,1,0,0,0,0,0
166,97,15,9,0.24153,37.262451869333006,87,0,0,1,0,1,0,0
165,59,13,5,0.126555,39.50851408478527,88,1,0,0,1,0,0,0
100,80,12,9,0.096,93.75,85,0,0,0,0,1,1,0
193,88,15,5,0.25476,19.62631496310253,84,0,0,0,1,1,1,0
198,84,10,6,0.16632,36.075036075036074,65,0,0,0,0,1,1,0
154,86,19,5,0.251636,19.869970910362586,89,1,0,0,1,0,0,0
111,87,13,6,0.125541,47.7931512414271,55,0,0,1,0,1,1,0
136,86,18,1,0.210528,4.749962000303998,73,0,0,0,0,0,0,0
151,94,10,2,0.14194,14.090460758066788,72,1,0,0,0,0,0,0
104,93,12,6,0.116064,51.69561621174525,79,0,0,0,1,1,1,0
162,55,10,2,0.0891,22.44668911335578,55,1,1,0,0,1,1,1
115,57,18,3,0.11799,25.425883549453346,95,1,0,0,0,1,1,0
139,78,14,4,0.151788,26.352544338155848,70,1,0,0,0,0,0,0
149,52,14,6,0.108472,55.313813703075446,52,0,1,0,1,0,0,0
160,74,15,9,0.1776,50.67567567567567,91,0,1,0,0,0,0,0
105,58,13,9,0.07917,113.6794240242516,90,0,0,0,0,1,0,0
194,94,18,1,0.328248,3.04647705393483,55,0,0,0,0,0,0,0
142,71,18,6,0.181476,33.06222310388151,87,0,0,0,1,0,0,0
170,76,16,2,0.20672,9.674922600619196,88,1,0,0,1,0,1,0
196,53,10,7,0.10388,67.38544474393531,58,1,0,1,0,0,0,0
192,72,16,2,0.221184,9.04224537037037,67,0,1,1,0,0,1,0
186,84,17,9,0.265608,33.884521550555704,85,1,0,1,0,0,0,0
161,51,13,6,0.106743,56.2097748798516,88,1,0,0,1,0,1,0
188,72,12,9,0.162432,55.40780141843972,72,0,0,0,1,1,0,0
132,90,10,6,0.1188,50.505050505050505,94,1,1,1,0,0,0,0
182,92,13,1,0.217672,4.594068139218641,98,0,0,0,1,0,0,0
198,78,18,2,0.277992,7.194451638896083,99,1,1,0,1,1,1,0
140,75,13,7,0.1365,51.28205128205128,84,1,1,0,0,1,0,0
130,91,17,4,0.20111,19.889612649793644,89,0,0,0,1,1,1,0
147,56,10,9,0.08232,109.32944606413993,59,1,0,0,0,1,0,0
189,83,11,6,0.172557,34.77111910846851,81,0,0,0,0,1,0,0
124,57,19,8,0.134292,59.57167962350699,78,0,0,0,1,1,0,0
141,84,12,7,0.142128,49.25137903861308,56,0,0,0,1,0,1,0
144,69,19,1,0.188784,5.29705907280278,73,1,1,0,0,1,0,0
121,86,10,9,0.10406,86.4885642898328,67,0,0,0,1,1,0,0
154,91,13,7,0.182182,38.42311534619227,99,1,0,0,0,1,1,0
140,68,17,7,0.16184,43.252595155709336,83,0,0,0,1,1,0,0
159,94,17,1,0.254082,3.9357372816649745,58,1,0,1,1,1,1,0
153,72,12,5,0.132192,37.8237714839022,63,0,0,1,1,0,0,0
144,85,19,3,0.23256,12.899896800825594,68,1,0,0,1,0,1,0
142,98,13,6,0.180908,33.16602914188427,85,1,1,0,0,1,0,0
199,57,18,1,0.204174,4.897783263295032,82,1,0,0,0,0,0,0
112,86,18,2,0.173376,11.535622000738279,86,1,0,0,1,1,0,0
189,96,19,4,0.344736,11.603081778520375,55,0,0,0,1,1,0,0
138,50,12,3,0.0828,36.231884057971016,80,0,0,0,1,0,0,0
107,74,12,9,0.095016,94.72088911341247,59,1,1,0,1,1,0,0
154,57,10,9,0.08778,102.52904989747095,80,0,0,0,0,1,0,0
174,97,18,7,0.303804,23.041171281484115,50,0,1,0,1,0,0,0
133,92,13,6,0.159068,37.719717353584635,89,0,0,0,0,1,0,0
146,75,11,6,0.12045,49.813200498132005,84,0,1,0,1,1,1,1
141,55,16,7,0.12408,56.41521598968408,89,0,0,0,1,1,0,0
169,54,16,9,0.146016,61.637080867850095,55,0,1,0,0,1,1,0
118,96,10,3,0.11328,26.483050847457626,79,0,0,1,0,1,1,0
131,92,13,9,0.156676,57.4433863514514,57,0,0,1,1,1,0,0
123,59,12,3,0.087084,34.44949703734326,55,1,0,0,0,0,1,0
124,68,19,4,0.160208,24.96754219514631,80,0,0,0,0,0,1,0
172,94,17,4,0.274856,14.553075064761185,72,1,1,0,0,1,1,0
180,53,18,1,0.17172,5.8234334963894705,57,0,0,0,1,1,1,0
196,75,19,4,0.2793,14.321518080916578,56,1,0,0,0,0,1,0
187,51,19,4,0.181203,22.074689712642726,95,1,0,0,1,0,1,0
145,85,13,9,0.160225,56.1710095178655,89,0,0,0,1,0,1,0
147,95,16,1,0.22344,4.47547440028643,94,0,1,0,1,1,1,0
178,78,11,6,0.152724,39.28655614048873,98,0,0,0,0,1,1,0
181,68,15,1,0.18462,5.416531253385332,77,1,0,0,0,0,1,0
115,73,10,4,0.08395,47.64740917212627,76,0,0,0,0,0,0,0
161,50,12,8,0.0966,82.81573498964804,51,0,0,1,1,1,1,0
169,65,18,6,0.19773,30.344409042633895,77,1,0,0,0,1,0,0
125,60,18,6,0.135,44.44444444444444,89,0,0,0,0,1,1,0
155,72,11,7,0.12276,57.021831215379606,79,0,0,0,1,1,1,0
152,62,15,1,0.14136,7.074136955291454,96,0,0,0,0,0,1,0
189,92,13,2,0.226044,8.847834934791457,77,0,0,0,1,0,0,0
102,71,18,1,0.130356,7.671300131946363,76,0,0,0,0,0,0,0
156,95,10,1,0.1482,6.747638326585695,73,0,0,0,1,1,1,0
159,59,18,9,0.168858,53.29922183136126,90,0,0,0,0,1,0,0
135,94,14,5,0.17766,28.143645164921757,52,0,0,0,0,1,0,0
146,62,19,3,0.171988,17.443077424006326,87,0,0,1,1,1,1,0
163,71,11,6,0.127303,47.13164654407202,79,1,0,0,1,0,1,0
113,52,18,4,0.105768,37.81862188941835,68,1,1,0,0,0,1,0
159,69,10,4,0.10971,36.459757542612344,95,0,0,0,1,1,1,0
157,58,16,9,0.145696,61.7724577201845,88,1,0,0,0,0,0,0
174,50,14,8,0.1218,65.68144499178982,76,0,0,0,1,0,0,0
192,89,11,3,0.187968,15.960163432073545,91,0,1,0,1,1,0,0
164,60,11,8,0.10824,73.90983000739098,60,0,1,1,0,0,1,1
106,54,12,9,0.068688,131.0272536687631,94,0,0,0,0,0,1,0
110,98,11,7,0.11858,59.031877213695395,71,0,0,0,1,1,0,0
179,55,12,3,0.11814,25.393600812595228,56,0,1,0,1,0,0,0
168,89,11,5,0.164472,30.400311299187702,80,0,0,0,0,0,1,0
192,61,17,3,0.199104,15.067502410800385,53,0,0,1,0,0,1,0
103,65,13,2,0.087035,22.97926121675188,65,0,0,0,1,0,0,0
142,76,11,7,0.118712,58.9662376170901,69,1,0,0,0,1,1,0
151,67,16,4,0.161872,24.71088267272907,56,0,0,1,0,1,1,0
146,73,19,8,0.202502,39.5057826589367,69,0,0,1,1,0,1,0
168,58,18,3,0.175392,17.104542966611934,52,0,0,0,0,0,1,0
109,97,14,6,0.148022,40.53451513964141,85,0,0,0,1,1,1,0
149,79,13,8,0.153023,52.279722656071314,72,0,0,0,0,1,1,0
164,87,19,9,0.271092,33.199061573192864,56,0,0,0,1,0,1,1
183,94,18,9,0.309636,29.066387629345424,56,1,1,0,1,0,0,0
172,58,19,9,0.189544,47.48237876165956,77,0,0,0,1,0,0,0
195,79,15,3,0.231075,12.982797792924375,67,0,0,0,1,0,1,0
134,58,16,1,0.124352,8.041688111168297,69,1,0,0,0,1,1,0
100,68,13,3,0.0884,33.93665158371041,99,1,0,1,1,0,1,0
109,98,16,5,0.170912,29.25482119453286,69,1,0,0,1,1,1,0
140,65,16,7,0.1456,48.07692307692307,96,1,0,0,0,0,1,0
127,55,14,7,0.09779,71.58196134574086,93,0,0,0,0,0,1,0
198,90,17,3,0.30294,9.902951079421667,75,0,0,0,1,1,0,0
124,97,17,9,0.204476,44.01494551927855,81,1,0,0,1,0,0,0
179,87,10,1,0.15573,6.421370320426378,86,0,0,0,1,0,0,0
188,58,15,2,0.16356,12.22792858889704,99,0,0,0,0,0,0,0
152,52,18,5,0.142272,35.14394961763382,52,0,0,0,0,0,1,0
146,55,11,7,0.08833,79.24827351975546,95,1,0,0,1,1,1,0
147,56,13,5,0.107016,46.7219854974957,90,0,0,0,0,1,1,0
190,50,16,3,0.152,19.736842105263158,83,0,0,0,0,0,1,0
121,62,19,3,0.142538,21.047019040536558,76,1,0,0,1,0,0,0
109,74,19,1,0.153254,6.52511516828272,98,1,0,0,0,1,0,0
168,99,16,4,0.266112,15.03126503126503,66,0,0,0,1,1,1,0
123,72,17,4,0.150552,26.568893139911793,75,1,0,0,0,1,1,0
140,91,13,4,0.16562,24.151672503320857,94,0,1,0,0,0,1,0
180,57,13,8,0.13338,59.9790073474284,60,0,0,0,0,1,0,0
179,58,14,8,0.145348,55.040317032226106,73,1,0,1,0,1,1,0
102,86,19,2,0.166668,11.999904000767993,87,1,0,0,0,1,1,0
143,53,14,3,0.106106,28.273613179273553,63,1,1,0,0,0,0,0
159,68,13,4,0.140556,28.458408036654433,56,0,0,1,1,1,0,0
160,71,17,2,0.19312,10.356255178127588,59,0,0,0,1,1,1,0
141,71,17,1,0.170187,5.875889462767426,94,0,0,0,0,0,1,0
109,83,18,2,0.162846,12.281542070422363,83,1,0,0,0,0,1,0
104,77,19,3,0.152152,19.717124980282875,70,1,0,0,0,1,0,0
196,50,16,8,0.1568,51.02040816326531,66,1,1,0,0,0,1,1
143,53,13,7,0.098527,71.04651516843099,73,1,0,0,0,0,1,0
130,87,16,1,0.18096,5.526083112290008,77,0,0,0,1,1,1,0
179,81,15,5,0.217485,22.990091270662344,51,1,1,0,0,1,1,0
108,85,16,4,0.14688,27.233115468409583,67,1,0,0,0,0,0,0
168,98,19,7,0.312816,22.377372001432153,90,0,0,0,1,1,1,0
115,71,11,2,0.089815,22.26799532372098,53,0,0,0,1,1,0,0
190,78,15,4,0.2223,17.99370220422852,77,0,0,0,1,1,1,0
168,60,11,7,0.11088,63.13131313131313,71,0,0,0,1,1,1,1
160,99,11,8,0.17424,45.91368227731864,77,1,0,0,1,1,0,0
115,85,13,9,0.127075,70.82431634861302,92,0,0,0,0,1,1,1
127,55,13,7,0.090805,77.08826606464402,69,0,0,0,0,1,1,0
117,89,12,2,0.124956,16.005633983162074,69,0,0,0,0,0,0,0
192,93,16,7,0.285696,24.501568100358423,92,0,0,0,0,0,1,0
105,81,15,9,0.127575,70.54673721340389,75,0,1,0,0,1,1,0
194,53,19,9,0.195358,46.069267703395816,66,0,1,0,0,0,1,0
128,82,12,8,0.125952,63.51626016260162,58,1,0,0,0,1,1,0
115,98,19,2,0.21413,9.34012048755429,84,0,0,1,0,1,1,0
160,97,11,3,0.17072,17.572633552014995,66,0,0,0,0,0,1,0
136,96,11,2,0.143616,13.92602495543672,96,0,0,0,1,0,1,0
153,92,14,1,0.197064,5.074493565542159,60,0,0,0,1,0,1,0
132,67,17,7,0.150348,46.55865059728097,82,0,0,0,0,0,1,1
198,99,19,5,0.372438,13.425053297461591,69,0,0,0,0,0,1,0
112,94,11,3,0.115808,25.904946117712075,94,0,0,0,1,0,0,0
185,98,11,3,0.19943,15.04287218572933,71,1,0,0,0,0,1,0
197,54,16,5,0.170208,29.375822523030646,88,0,0,1,0,0,1,0
178,50,14,1,0.1246,8.025682182985554,80,0,0,0,1,0,0,0
163,86,13,7,0.182234,38.41215140972596,96,0,0,0,0,1,0,0
120,75,14,5,0.126,39.682539682539684,92,0,0,0,1,0,1,0
